,disc_loss,gen_loss,feat_loss,vgg_loss,ssim_loss,mae_loss,val_disc_loss,val_gen_loss,val_feat_loss,val_vgg_loss,val_ssim_loss,val_mae_loss
0,0.17264026403427124,81.119873046875,6.4761552810668945,69.5298080444336,1.563199758529663,1.174981713294983,0.052064064890146255,92.1468734741211,8.055974006652832,78.47109985351562,1.6250998973846436,1.2779622077941895
1,0.18773111701011658,77.14369201660156,5.977762222290039,66.21319580078125,1.4851280450820923,1.0713567733764648,0.058592408895492554,90.69125366210938,7.422424793243408,77.67198181152344,1.5801066160202026,1.2328375577926636
2,0.21604304015636444,74.89347839355469,5.621624946594238,64.49858093261719,1.4418582916259766,1.0156117677688599,0.2028665840625763,88.76590728759766,7.091691493988037,76.73678588867188,1.570345401763916,1.2029298543930054
